gene	tier	mechanism	drug_class	expected_event	species_panel	fungamr_n_entries	literature_evidence	canonical_cds_strain	canonical_cds_accession	notes
ERG11	1	azole_target_amplification	azoles	duplication	auris,albicans,parapsilosis,tropicalis	262 SNP + 12 CNV-combined	Carolus 2021 (score+7); Burrack 2022 (10-15 copies clinical); Williamson 2022	B8441 (clade I)	XM_028889033	Gen diana fluconazol. CYP51A homolog. Mutaciones hotspot Y132F/K143R/F126L/T (clade-specific) reportadas como SNPs en 262 entradas FungAMR.
TAC1B	1	azole_efflux_regulator_amplification	azoles	duplication	auris,albicans	8 SNP + 12 CNV-combined	Carolus 2021 (score+7); Rybak 2020 (A640V/A657V/F214S GOF)	B8441 (clade I)	B9J08_004820	Factor de transcripción de CDR1. CO-AMPLIFICA con ERG11 en Chr5 → resistencia combinada. F191del recurrente en Carolus 2021. AURIS-específico (TAC1B != TAC1A).
FKS1	1	echinocandin_target_loss_or_mutation	echinocandins	mutation_or_deletion	auris,albicans,glabrata,parapsilosis,tropicalis,krusei	86 SNP + 11 CNV-combined	Carolus 2021 (F635del con dup → score+7); Berkow 2020 (S639F/P/Y)	B8441 (clade I)	B9J08_000964	Hotspot 1 codón 635-641; hotspot 2 codón 1354. F635del es la deleción más reportada en auris. Dup paradójica reportada con F635del.
CDR1	1	multidrug_efflux_pump	azoles,multidrug	duplication_or_deletion	auris,albicans,parapsilosis,tropicalis	1 + 41 multi-gene	Rybak 2019 (deletion → S itraconazol, score-5); multiple GOF SNPs	B8441 (clade I)	B9J08_000164	Bomba ABC. La deleción de CDR1 RESTAURA sensibilidad a itraconazol (CNV beneficiosa). Importante reportar también deleciones, no solo dups.
ERG3	1	polyene_resistance_via_sterol_pathway	polyenes	loss_of_function_or_deletion	auris,albicans	29 (3 single + 26 multi)	Carolus 2023 (knockout → AmpB R, score+1); Rybak 2020	B8441 (clade I)	B9J08_003737	Knockout/frameshift → acumulación de ergosta-7,22-dien-3β-ol y resistencia a AmpB. Buscar también mutaciones nonsense, no solo CNV.
ERG6	1	polyene_resistance_via_sterol_pathway	polyenes	loss_of_function_or_deletion	auris,albicans	68	Carolus 2023 (knockout, score+1); multiple loss-of-function SNPs	B8441 (clade I)	B9J08_002452	Knockout altera composición esteroles. 68 entradas FungAMR (LoF mayoritario).
NCP1	1	polyene_resistance_cytochrome_p450_reductase	polyenes	loss_of_function_or_deletion	auris	36	Carolus 2023 (knockout, score+1)	B8441 (clade I)	B9J08_003913	Cytochrome P450 reductase. Knockout → AmpB R. 36 entradas FungAMR.
HMG1	2	azole_resistance_HMG_CoA_reductase	azoles	mutation_or_duplication	auris	10	Rybak 2021 (S412F/Y/T GOF); not yet CNV-reported in auris	B8441 (clade I)	B9J08_005380	GOF en S412 → sobre-producción ergosterol → tolerancia azoles. CNV no documentada todavía pero candidato.
UPC2	2	azole_regulator_ergosterol_biosynthesis	azoles	mutation_or_duplication	auris,albicans	8	Carolus 2023 (C444Y, A506V); not CNV-reported	B8441 (clade I)	B9J08_002692	Factor de transcripción de biosíntesis ergosterol. Si futura literatura describe CNV.
MRR1	2	azole_efflux_regulator_MDR1	azoles,multidrug	mutation_or_duplication	auris,albicans,parapsilosis	0 in this CSV; multiple in albicans/parapsilosis	Berkow 2018 (homolog); pending auris CNV evidence	B8441 (clade I)	B9J08_002354	Homólogo en auris. Regula MDR1/MFS. Listo para v2.1 si decides extender.
ERG2	2	polyene_resistance_via_sterol_pathway	polyenes	loss_of_function	auris	1 (E39D)	Hernando-Ortiz 2023 (E39D)	B8441 (clade I)	B9J08_001324	Tier 2 — pocas entradas FungAMR pero documentado en revisión.
FUR1	2	5fc_resistance_uracil_phosphoribosyltransferase	pyrimidines	mutation_or_deletion	auris	1 + 38 multi-gene	Rhodes 2018 (F211I, 1Δ33)	B8441 (clade I)	B9J08_001581	1Δ33 = deleción dentro del gen. Detectable como pérdida parcial de coverage en el extremo 5'.
FCY1	2	5fc_resistance_cytosine_deaminase	pyrimidines	mutation_or_deletion	auris	0 single + 47 multi	Rhodes 2018 (S70R)	B8441 (clade I)	B9J08_005978	Único single hit pero presente en 47 combinaciones multi-gene en FungAMR.
CIS2	2	echinocandin_resistance_GGT	echinocandins	mutation	auris	0 single + 5 multi	Carolus 2021 (A27T)	B8441 (clade I)	B9J08_004027	γ-glutamil transpeptidasa. K74E/A27T en combinación con FKS1 amplifica resistencia.
ALS4	2	virulence_adhesin_amplification	none_AMR	duplication_or_deletion	auris	0	Bing 2024 (amplification → biofilm); subtelomeric loss reported	B8441 (clade I)	B9J08_004112	NO AMR estricto pero virulencia/biofilm. Amplificación reportada (biofilm enhanced) y pérdida subtelomérica.
SCF1	2	virulence_cell_surface	none_AMR	deletion	auris	0	Bing 2024 (subtelomeric loss documented)	B8441 (clade I)	B9J08_002161	Adhesina superficie. Pérdida subtelomérica documentada.
SIT1	3	iron_transporter_subtelomeric	none_AMR	subtelomeric_deletion	auris	0	Muñoz 2018 (subtelomeric deletion)	B8441 (CaurisI)	B9J08_001550	Tier 3 = subteloméricos. Pérdida en aislados clínicos. Si añadís scan whole-genome v2.1.
PEA2	2	co_amplicon_polarisome	azoles,echinocandins	duplication	auris	3 CNV (multi)	Carolus 2021 (co-amplicón con ERG11/FKS1/TAC1B, score+7)	B8441 (clade I)	PENDING_CHECK	Co-amplicón documentado junto al locus ERG11/TAC1B. NO causal AMR per se sino marker de evento amplificación. Útil para validar event-call.
MEC3	2	amphotericin_resistance_DNA_damage	polyenes	loss_of_function	auris	5 multi-gene	Carolus 2023 (revisión: correlación AmpB R)	B8441 (clade I)	PENDING_CHECK	Componente checkpoint daño ADN. Mutación correlacionada con AmpB R (revisión). Pocos hits FungAMR pero documentado.
FLO8	2	amphotericin_resistance_transcription_factor	polyenes	loss_of_function	auris	3 multi-gene	Carolus 2023 (TF correlacionado AmpB R)	B8441 (clade I)	PENDING_CHECK	Factor de transcripción. LoF correlacionado AmpB R según revisión.
ADE17	2	5fc_resistance_purine_biosynthesis	pyrimidines	mutation_or_deletion	auris	10 multi-gene	Rhodes 2018 (combinación FUR1/FCY1/ADE17)	B8441 (clade I)	PENDING_CHECK	En combinaciones multi-gene de 5FC R. 10 entradas FungAMR.
Chr5_full	3	aneuploidy_whole_chromosome	azoles	aneuploidy_2x	auris	5 (Chr5x2, ChrVx2)	Li 2024 (score+4); Bing 2020 (score+4)	B8441 (clade I)	N/A_full_contig	Chr5 entero = ChrV en B8441. Requiere modo "by-contig" en cnv_detect.py. v2.0 minimum extension.
